AX530268.1	99.822	2245	1	2245	1009	3253	4124	0.0	AX530268.1 Sequence 4 from Patent WO02066629
AX530267.1	99.822	2245	1	2245	1009	3253	4124	0.0	AX530267.1 Sequence 3 from Patent WO02066629
AY446866.1	99.822	2245	1	2245	11715	9471	4124	0.0	AY446866.1 Human herpesvirus 5 strain TB40/E, partial genome
EF999921.1	99.822	2245	1	2245	212831	210587	4124	0.0	EF999921.1 Human herpesvirus 5 strain TB40/E clone TB40-BAC4, complete sequence
KJ361947.1	99.822	2245	1	2245	180543	178299	4124	0.0	KJ361947.1 Human herpesvirus 5 strain 2CEN5, complete genome
KF297339.1	99.822	2245	1	2245	180791	178547	4124	0.0	KF297339.1 Human herpesvirus 5 strain TB40/E clone Lisa, complete genome
MT070140.1	99.822	2245	1	2245	180561	178317	4124	0.0	MT070140.1 UNVERIFIED: Human betaherpesvirus 5 isolate P10, complete genome
MT044484.1	99.822	2245	1	2245	180143	177899	4124	0.0	MT044484.1 Human betaherpesvirus 5 strain HAN-SOT4, complete genome
MW439039.1	99.822	2245	1	2245	180189	177945	4124	0.0	MW439039.1 Human betaherpesvirus 5 strain TB40/EE, complete genome
MW439038.1	99.822	2245	1	2245	180187	177943	4124	0.0	MW439038.1 Human betaherpesvirus 5 strain TB40/EF, complete genome
OU342912.1	99.822	2245	1	2245	180089	177845	4124	0.0	OU342912.1 Human betaherpesvirus 5 isolate VIE14 genome assembly, complete genome: monopartite
KJ361967.1	99.777	2245	1	2245	180196	177952	4119	0.0	KJ361967.1 Human herpesvirus 5 strain PAV23, complete genome
JX512204.1	99.777	2245	1	2245	180202	177959	4117	0.0	JX512204.1 Human herpesvirus 5 strain HAN16, complete genome
KX544839.1	99.777	2245	1	2245	212775	210532	4117	0.0	KX544839.1 Human betaherpesvirus 5 isolate TB40-E_UNC, complete genome
MF084224.1	99.777	2245	1	2245	180154	177911	4117	0.0	MF084224.1 Human betaherpesvirus 5 strain HER1, complete genome
KT726944.2	99.688	2245	1	2245	180299	178055	4108	0.0	KT726944.2 Human betaherpesvirus 5 strain NL/Rot5/Urine/2012, partial genome
KP745711.1	99.688	2245	1	2245	180229	177986	4106	0.0	KP745711.1 Human herpesvirus 5 strain BE/24/2011, complete genome
JX512206.1	99.644	2245	1	2245	180560	178316	4102	0.0	JX512206.1 Human herpesvirus 5 strain HAN22, complete genome
KJ361953.1	99.599	2246	1	2245	180399	178154	4096	0.0	KJ361953.1 Human herpesvirus 5 strain HAN30, complete genome
KC519319.1	99.599	2245	1	2245	180175	177931	4096	0.0	KC519319.1 Human herpesvirus 5 strain BE/9/2010, complete genome
KJ361954.1	99.599	2245	1	2245	180385	178142	4095	0.0	KJ361954.1 Human herpesvirus 5 strain HAN32, complete genome
KP745694.1	99.599	2245	1	2245	180291	178048	4095	0.0	KP745694.1 Human herpesvirus 5 strain BE/12/2010, complete genome
KX544840.1	99.555	2248	1	2245	209858	207611	4093	0.0	KX544840.1 Human betaherpesvirus 5 isolate UXCA_Merck_UNC, complete genome
MW980585.1	99.555	2245	1	2245	180303	178060	4089	0.0	MW980585.1 Human betaherpesvirus 5 strain BL, complete genome
GQ222010.2	99.510	2245	1	2245	11712	9470	4084	0.0	GQ222010.2 Human herpesvirus 5 strain 66, partial genome
KP745702.1	99.510	2245	1	2245	180251	178009	4084	0.0	KP745702.1 Human herpesvirus 5 strain BE/21/2011, complete genome
KP745659.1	99.510	2245	1	2245	180213	177971	4084	0.0	KP745659.1 Human herpesvirus 5 strain BE/3/2011, complete genome
OU342900.1	99.510	2245	1	2245	180275	178032	4084	0.0	OU342900.1 Human betaherpesvirus 5 isolate VIE16 genome assembly, complete genome: monopartite
MW197157.1	99.465	2245	1	2245	180026	177783	4078	0.0	MW197157.1 Human betaherpesvirus 5 strain P-232, complete genome
KP745643.1	99.020	2245	1	2245	180198	177956	4023	0.0	KP745643.1 Human herpesvirus 5 strain CZ/2/2012, complete genome
KP745681.1	98.931	2245	1	2245	179874	177631	4012	0.0	KP745681.1 Human herpesvirus 5 strain BE/43/2011, complete genome
KY490064.1	98.754	2248	1	2245	180324	178079	3991	0.0	KY490064.1 Human betaherpesvirus 5 strain PRA2, complete genome
KJ361969.1	98.619	2245	1	2245	180348	178106	3973	0.0	KJ361969.1 Human herpesvirus 5 strain PAV25, complete genome
MT044480.1	98.575	2245	1	2245	180511	178267	3969	0.0	MT044480.1 Human betaherpesvirus 5 strain SYD-SCT2, complete genome
GQ466044.1	98.575	2245	1	2245	180540	178298	3967	0.0	GQ466044.1 Human herpesvirus 5 strain 3301, complete genome
GQ222011.2	98.575	2245	1	2245	11708	9466	3967	0.0	GQ222011.2 Human herpesvirus 5 strain 309, partial genome
KP745690.1	98.575	2245	1	2245	180357	178115	3967	0.0	KP745690.1 Human herpesvirus 5 strain BE/34/2011, complete genome
KP745663.1	98.575	2245	1	2245	179835	177593	3967	0.0	KP745663.1 Human herpesvirus 5 strain BE/5/2010, complete genome
DQ229948.1	98.263	2245	1	2245	4261	2019	3928	0.0	DQ229948.1 Human herpesvirus 5 isolate 9J UL/b' region
KT726955.2	98.176	2248	1	2245	180285	178039	3921	0.0	KT726955.2 Human betaherpesvirus 5 strain UK/Lon5/Blood/2010, partial genome
GU179290.1	98.174	2245	1	2245	179834	177591	3917	0.0	GU179290.1 Human herpesvirus 5 strain U11, complete genome
KT726951.2	98.132	2248	1	2245	180307	178060	3916	0.0	KT726951.2 Human betaherpesvirus 5 strain UK/Lon8/Urine/2012, complete genome
AY446894.2	98.129	2245	1	2245	180441	178199	3912	0.0	AY446894.2 Human herpesvirus 5 strain Merlin, complete genome
GU179001.1	98.129	2245	1	2245	180390	178148	3912	0.0	GU179001.1 Human herpesvirus 5 transgenic strain Merlin, complete genome
KM192302.1	98.129	2245	1	2245	180391	178149	3912	0.0	KM192302.1 Human herpesvirus 5 strain Merlin isolate RCMV1678, complete genome
KM192301.1	98.129	2245	1	2245	180391	178149	3912	0.0	KM192301.1 Human herpesvirus 5 strain Merlin isolate RCMV1677, complete genome
KM192300.1	98.129	2245	1	2245	179877	177635	3912	0.0	KM192300.1 Human herpesvirus 5 strain Merlin isolate RCMV1528, complete genome
KM192299.1	98.129	2245	1	2245	180391	178149	3912	0.0	KM192299.1 Human herpesvirus 5 strain Merlin isolate RCMV1149, complete genome
KM192298.1	98.129	2245	1	2245	180391	178149	3912	0.0	KM192298.1 Human herpesvirus 5 strain Merlin isolate RCMV1111, complete genome
KJ361970.1	98.129	2245	1	2245	180436	178194	3912	0.0	KJ361970.1 Human herpesvirus 5 strain PAV26, complete genome
KJ361968.1	98.128	2244	2	2245	179880	177637	3912	0.0	KJ361968.1 Human herpesvirus 5 strain PAV24, complete genome
KJ361958.1	98.129	2245	1	2245	180161	177919	3912	0.0	KJ361958.1 Human herpesvirus 5 strain HAN40, complete genome
KR534212.1	98.129	2245	1	2245	180104	177862	3912	0.0	KR534212.1 Human herpesvirus 5 strain JER5550, complete genome
KP973641.1	98.129	2245	1	2245	180391	178149	3912	0.0	KP973641.1 Human herpesvirus 5 strain Merlin isolate RCMV1857, complete genome
KP973639.1	98.129	2245	1	2245	180391	178149	3912	0.0	KP973639.1 Human herpesvirus 5 strain Merlin isolate RCMV1853, complete genome
KP973638.1	98.129	2245	1	2245	180391	178149	3912	0.0	KP973638.1 Human herpesvirus 5 strain Merlin isolate RCMV1851, complete genome
KP973637.1	98.129	2245	1	2245	180391	178149	3912	0.0	KP973637.1 Human herpesvirus 5 strain Merlin isolate RCMV1849, complete genome
KP973636.1	98.129	2245	1	2245	180391	178149	3912	0.0	KP973636.1 Human herpesvirus 5 strain Merlin isolate RCMV1847, complete genome
KP973635.1	98.129	2245	1	2245	180391	178149	3912	0.0	KP973635.1 Human herpesvirus 5 strain Merlin isolate RCMV1845, complete genome
KP973634.1	98.129	2245	1	2245	180391	178149	3912	0.0	KP973634.1 Human herpesvirus 5 strain Merlin isolate RCMV1843, complete genome
KP973633.1	98.129	2245	1	2245	180391	178149	3912	0.0	KP973633.1 Human herpesvirus 5 strain Merlin isolate RCMV1841, complete genome
KP973632.1	98.129	2245	1	2245	180391	178149	3912	0.0	KP973632.1 Human herpesvirus 5 strain Merlin isolate RCMV1839, complete genome
KP973631.1	98.129	2245	1	2245	180391	178149	3912	0.0	KP973631.1 Human herpesvirus 5 strain Merlin isolate RCMV1835, complete genome
KP973630.1	98.129	2245	1	2245	180391	178149	3912	0.0	KP973630.1 Human herpesvirus 5 strain Merlin isolate RCMV1825, complete genome
KP973629.1	98.129	2245	1	2245	180391	178149	3912	0.0	KP973629.1 Human herpesvirus 5 strain Merlin isolate RCMV1823, complete genome
KP973627.1	98.129	2245	1	2245	180029	177787	3912	0.0	KP973627.1 Human herpesvirus 5 strain Merlin isolate RCMV1819, complete genome
KP973626.1	98.129	2245	1	2245	180391	178149	3912	0.0	KP973626.1 Human herpesvirus 5 strain Merlin isolate RCMV1814, complete genome
KP973625.1	98.129	2245	1	2245	180391	178149	3912	0.0	KP973625.1 Human herpesvirus 5 strain Merlin isolate RCMV1812, complete genome
KP973624.1	98.129	2245	1	2245	179994	177752	3912	0.0	KP973624.1 Human herpesvirus 5 strain Merlin isolate RCMV1201, complete genome
KP973623.1	98.129	2245	1	2245	179994	177752	3912	0.0	KP973623.1 Human herpesvirus 5 strain Merlin isolate RCMV1200, complete genome
KP745662.1	98.129	2245	1	2245	180243	178001	3912	0.0	KP745662.1 Human herpesvirus 5 strain BE/20/2010, complete genome
KP745647.1	98.129	2245	1	2245	180499	178257	3912	0.0	KP745647.1 Human herpesvirus 5 strain BE/18/2010, complete genome
KU221100.1	98.129	2245	1	2245	180391	178149	3912	0.0	KU221100.1 Human betaherpesvirus 5 strain Merlin isolate RCMV1871, complete genome
KU221099.1	98.129	2245	1	2245	180391	178149	3912	0.0	KU221099.1 Human betaherpesvirus 5 strain Merlin isolate RCMV1831, complete genome
KU221098.1	98.129	2245	1	2245	180391	178149	3912	0.0	KU221098.1 Human betaherpesvirus 5 strain Merlin isolate RCMV1815, complete genome
KU221097.1	98.129	2245	1	2245	180391	178149	3912	0.0	KU221097.1 Human betaherpesvirus 5 strain Merlin isolate RCMV1810, complete genome
KU221096.1	98.129	2245	1	2245	180391	178149	3912	0.0	KU221096.1 Human betaherpesvirus 5 strain Merlin isolate RCMV1804, complete genome
KU221095.1	98.129	2245	1	2245	180391	178149	3912	0.0	KU221095.1 Human betaherpesvirus 5 strain Merlin isolate RCMV1802, complete genome
KU221094.1	98.129	2245	1	2245	180391	178149	3912	0.0	KU221094.1 Human betaherpesvirus 5 strain Merlin isolate RCMV1800, complete genome
KU221093.1	98.129	2245	1	2245	180391	178149	3912	0.0	KU221093.1 Human betaherpesvirus 5 strain Merlin isolate RCMV1798, complete genome
KU221092.1	98.129	2245	1	2245	180391	178149	3912	0.0	KU221092.1 Human betaherpesvirus 5 strain Merlin isolate RCMV1796, complete genome
KU221091.1	98.129	2245	1	2245	180391	178149	3912	0.0	KU221091.1 Human betaherpesvirus 5 strain Merlin isolate RCMV1654, complete genome
KU221090.1	98.129	2245	1	2245	180391	178149	3912	0.0	KU221090.1 Human betaherpesvirus 5 strain Merlin isolate RCMV1595, complete genome
KY490086.1	98.129	2245	1	2245	179968	177725	3912	0.0	KY490086.1 Human betaherpesvirus 5 strain HANSCTR11B, complete genome
KY490081.1	98.129	2245	1	2245	180305	178063	3912	0.0	KY490081.1 Human betaherpesvirus 5 strain HANSCTR2, complete genome
KY490061.1	98.129	2245	1	2245	180032	177790	3912	0.0	KY490061.1 Human betaherpesvirus 5 strain PAV31, complete genome
MF084223.1	98.129	2245	1	2245	180162	177920	3912	0.0	MF084223.1 Human betaherpesvirus 5 strain LON1, complete genome
OK000909.1	98.129	2245	1	2245	180446	178204	3912	0.0	OK000909.1 Human betaherpesvirus 5 strain Merlin, complete genome
NC_006273.2	98.129	2245	1	2245	180441	178199	3912	0.0	NC_006273.2 Human herpesvirus 5 strain Merlin, complete genome
OQ466312.1	98.129	2245	1	2245	179734	177492	3912	0.0	OQ466312.1 Human betaherpesvirus 5 strain GLA-U, complete genome
KY490077.1	98.085	2245	1	2245	180125	177883	3906	0.0	KY490077.1 Human betaherpesvirus 5 strain HANRTR9, complete genome
OR546127.1	98.085	2245	1	2245	179883	177642	3904	0.0	OR546127.1 Cytomegalovirus humanbeta5 strain FFPE-150, complete genome
KP745708.1	98.040	2245	1	2245	180346	178104	3901	0.0	KP745708.1 Human herpesvirus 5 strain BE/8/2010, complete genome
KP745651.1	98.040	2245	1	2245	180299	178057	3901	0.0	KP745651.1 Human herpesvirus 5 strain BE/9/2012, complete genome
KP745650.1	98.040	2245	1	2245	180304	178062	3901	0.0	KP745650.1 Human herpesvirus 5 strain BE/1/2011, complete genome
KP745721.1	97.995	2244	2	2245	179826	177584	3893	0.0	KP745721.1 Human herpesvirus 5 strain BE/14/2010, complete genome
JN625524.1	97.951	2245	1	2245	920	3163	3890	0.0	JN625524.1 Human herpesvirus 5 isolate Ch ul146, ul147, ul147A, ul148, and ul132 mRNA, complete cds
KP745725.1	97.950	2244	2	2245	180333	178090	3890	0.0	KP745725.1 Human herpesvirus 5 strain BE/49/2011, complete genome
GQ222015.2	97.950	2244	2	2245	11732	9491	3888	0.0	GQ222015.2 Human herpesvirus 5 strain AL, partial genome
GQ221975.1	97.950	2244	2	2245	180490	178249	3888	0.0	GQ221975.1 Human herpesvirus 5 strain JP, complete genome
JX512205.1	97.950	2244	2	2245	180321	178080	3888	0.0	JX512205.1 Human herpesvirus 5 strain HAN19, complete genome
KY490069.1	97.950	2244	2	2245	180484	178243	3888	0.0	KY490069.1 Human betaherpesvirus 5 strain PRA7, complete genome
KJ426589.1	97.906	2245	1	2245	180773	178530	3884	0.0	KJ426589.1 Human herpesvirus 5 isolate HAN, complete genome
KP745726.1	97.867	2250	2	2245	180097	177848	3884	0.0	KP745726.1 Human herpesvirus 5 strain BE/30/2010, complete genome
KP745667.1	97.906	2245	1	2245	180394	178151	3884	0.0	KP745667.1 Human herpesvirus 5 strain BE/5/2011, complete genome
AC146905.1	97.906	2244	2	2245	36982	34741	3882	0.0	AC146905.1 Human Herpesvirus 5 Toledo-BAC isolate, complete sequence
GU937742.2	97.906	2244	2	2245	186300	188541	3882	0.0	GU937742.2 Human herpesvirus 5 strain Toledo, complete genome
JN379815.1	97.906	2244	2	2245	179157	176916	3882	0.0	JN379815.1 UNVERIFIED: Human herpesvirus 5 strain U04, partial genome
KJ872539.1	97.906	2244	2	2245	180458	178217	3882	0.0	KJ872539.1 Human herpesvirus 5 strain PAV16, complete genome
KR534207.1	97.906	2244	2	2245	179990	177749	3882	0.0	KR534207.1 Human herpesvirus 5 strain JER4053, complete genome
KP745728.1	97.906	2244	2	2245	180532	178291	3882	0.0	KP745728.1 Human herpesvirus 5 strain BE/4/2010, complete genome
KP745717.1	97.906	2244	2	2245	180091	177850	3882	0.0	KP745717.1 Human herpesvirus 5 strain BE/2/2010, complete genome
KP745683.1	97.906	2244	2	2245	179959	177718	3882	0.0	KP745683.1 Human herpesvirus 5 strain BE/12/2011, complete genome
KP745657.1	97.906	2244	2	2245	180367	178126	3882	0.0	KP745657.1 Human herpesvirus 5 strain BE/13/2011, complete genome
KY002201.1	97.906	2244	2	2245	186577	188818	3882	0.0	KY002201.1 Human betaherpesvirus 5 strain Toledo variant, complete genome
KY002200.1	97.906	2244	2	2245	184677	186918	3882	0.0	KY002200.1 Human betaherpesvirus 5 transgenic strain Toledo RNA2.7 deletion mutant, complete genome
KX101023.1	97.906	2244	2	2245	185919	188160	3882	0.0	KX101023.1 Human betaherpesvirus 5 strain Toledo/Towne Chimera 3, complete genome
KX101022.1	97.906	2244	2	2245	185882	188123	3882	0.0	KX101022.1 Human betaherpesvirus 5 strain Toledo/Towne Chimera 2, complete genome
KX101021.1	97.906	2244	2	2245	186417	188658	3882	0.0	KX101021.1 Human betaherpesvirus 5 strain Toledo/Towne Chimera 1, complete genome
KT726954.2	97.906	2244	2	2245	180290	178048	3882	0.0	KT726954.2 Human betaherpesvirus 5 strain UK/Lon4/Bile/2011, partial genome
MF783093.1	97.906	2244	2	2245	180280	178039	3882	0.0	MF783093.1 Human betaherpesvirus 5 clone TAR Toledo-P, complete genome
MF783092.1	97.906	2244	2	2245	186299	188540	3882	0.0	MF783092.1 Human betaherpesvirus 5 clone TAR Toledo-F, complete genome
MF783091.1	97.906	2244	2	2245	180280	178039	3882	0.0	MF783091.1 Human betaherpesvirus 5 isolate Toledo-p7 minority, complete genome
MF783090.1	97.906	2244	2	2245	186299	188540	3882	0.0	MF783090.1 Human betaherpesvirus 5 isolate Toledo-p7 majority, complete genome
OQ466311.1	97.906	2244	2	2245	180018	177777	3882	0.0	OQ466311.1 Human betaherpesvirus 5 strain GLA-L, complete genome
U33331.1	97.906	2244	2	2245	10297	12538	3882	0.0	U33331.1 Human cytomegalovirus Toledo strain UL/b' region
KJ361950.1	97.862	2245	1	2245	180353	178109	3880	0.0	KJ361950.1 Human herpesvirus 5 strain HAN11, complete genome
KT726950.2	97.864	2247	2	2245	180098	177853	3880	0.0	KT726950.2 Human betaherpesvirus 5 strain UK/Lon7/Urine/2011, complete genome
GQ981646.1	97.862	2245	1	2245	13874	16116	3879	0.0	GQ981646.1 Human herpesvirus 5 isolate HAN UL/b' region
JN625523.1	97.862	2245	1	2245	920	3163	3879	0.0	JN625523.1 Human herpesvirus 5 isolate Han ul146, ul147, ul147A, ul148, and ul132 mRNA, complete cds
KC519320.1	97.862	2245	1	2245	180159	177917	3879	0.0	KC519320.1 Human herpesvirus 5 strain BE/10/2010, complete genome
KP745645.1	97.862	2245	1	2245	180461	178219	3879	0.0	KP745645.1 Human herpesvirus 5 strain BE/13/2010, complete genome
MK290743.1	97.862	2245	1	2245	180415	178173	3879	0.0	MK290743.1 Human betaherpesvirus 5 strain LUS248, complete genome
MW528458.1	97.862	2245	1	2245	180292	178050	3879	0.0	MW528458.1 Human betaherpesvirus 5 isolate BM1, complete genome
KR534209.1	97.861	2244	2	2245	180070	177829	3877	0.0	KR534209.1 Human herpesvirus 5 strain JER4755, complete genome
KX101024.1	97.861	2244	2	2245	187165	189406	3877	0.0	KX101024.1 Human betaherpesvirus 5 strain Toledo/Towne Chimera 4, complete genome
KY490085.1	97.861	2244	2	2245	180136	177895	3877	0.0	KY490085.1 Human betaherpesvirus 5 strain HANSCTR11A, complete genome
KP745715.1	97.861	2244	2	2245	180264	178024	3875	0.0	KP745715.1 Human herpesvirus 5 strain BE/44/2011, complete genome
KP745697.1	97.816	2244	2	2245	180316	178073	3873	0.0	KP745697.1 Human herpesvirus 5 strain BE/23/2010, complete genome
KP745688.1	97.817	2245	1	2245	180085	177843	3873	0.0	KP745688.1 Human herpesvirus 5 strain BE/12/2012, complete genome
KY123650.1	97.817	2245	1	2245	180435	178193	3873	0.0	KY123650.1 Human betaherpesvirus 5 strain HANRTR2, complete genome
KT726945.2	97.816	2244	2	2245	179736	177495	3871	0.0	KT726945.2 Human betaherpesvirus 5 strain NL/Rot6/Nasal/2012, complete genome
MW197156.1	97.737	2254	2	2245	179828	177575	3871	0.0	MW197156.1 Human betaherpesvirus 5 strain P-226, complete genome
ON119197.1	97.776	2248	1	2245	180385	178139	3871	0.0	ON119197.1 Human betaherpesvirus 5 isolate E83151, partial genome
OV100760.1	97.816	2244	2	2245	180259	178017	3871	0.0	OV100760.1 Human betaherpesvirus 5 isolate S1_0M genome assembly, complete genome: monopartite
GQ222012.2	97.776	2248	1	2245	11716	9471	3869	0.0	GQ222012.2 Human herpesvirus 5 strain 711, partial genome
JX512201.1	97.773	2245	1	2245	180332	178088	3869	0.0	JX512201.1 Human herpesvirus 5 strain HAN3, complete genome
KJ361952.1	97.775	2247	2	2245	180322	178077	3869	0.0	KJ361952.1 Human herpesvirus 5 strain HAN27, complete genome
KJ361949.1	97.775	2247	2	2245	180536	178291	3869	0.0	KJ361949.1 Human herpesvirus 5 strain 2CEN30, complete genome
KP745641.1	97.816	2244	2	2245	180422	178182	3869	0.0	KP745641.1 Human herpesvirus 5 strain BE/31/2011, complete genome
OU342915.1	97.773	2245	1	2245	180421	178177	3869	0.0	OU342915.1 Human betaherpesvirus 5 isolate PRA04 genome assembly, complete genome: monopartite
KP745712.1	97.773	2245	1	2245	180116	177874	3868	0.0	KP745712.1 Human herpesvirus 5 strain BE/19/2010, complete genome
KP745706.1	97.773	2245	1	2245	180151	177909	3868	0.0	KP745706.1 Human herpesvirus 5 strain BE/41/2011, complete genome
KT726952.2	97.773	2245	1	2245	180321	178079	3868	0.0	KT726952.2 Human betaherpesvirus 5 strain UK/Lon3/Plasma/2012, partial genome
KY490082.1	97.773	2245	1	2245	180121	177879	3868	0.0	KY490082.1 Human betaherpesvirus 5 strain HANSCTR8, complete genome
KY490063.1	97.773	2245	1	2245	180302	178060	3868	0.0	KY490063.1 Human betaherpesvirus 5 strain PRA1, complete genome
MT044479.1	97.773	2245	1	2245	180332	178090	3868	0.0	MT044479.1 Human betaherpesvirus 5 strain HAN-SOT5, complete genome
MT044476.1	97.733	2250	2	2245	180608	178361	3866	0.0	MT044476.1 Human betaherpesvirus 5 strain GLA-SOT1, complete genome
OU342913.1	97.772	2244	2	2245	180641	178400	3866	0.0	OU342913.1 Human betaherpesvirus 5 isolate PRA07 genome assembly, complete genome: monopartite
AC146907.1	97.728	2245	1	2245	47765	50008	3862	0.0	AC146907.1 Human Herpesvirus 5 FIX-BAC isolate, complete sequence
AX530265.1	97.728	2245	1	2245	2501	4743	3862	0.0	AX530265.1 Sequence 1 from Patent WO02066629
GU179289.1	97.728	2245	1	2245	180277	178034	3862	0.0	GU179289.1 Human herpesvirus 5 strain VR1814, complete genome
KJ361966.1	97.728	2245	1	2245	180472	178230	3862	0.0	KJ361966.1 Human herpesvirus 5 strain PAV12, complete genome
KJ361955.1	97.728	2245	1	2245	180123	177881	3862	0.0	KJ361955.1 Human herpesvirus 5 strain HAN33, complete genome
KJ361951.1	97.728	2245	1	2245	180379	178137	3862	0.0	KJ361951.1 Human herpesvirus 5 strain HAN21, complete genome
KR534206.1	97.728	2245	1	2245	180109	177866	3862	0.0	KR534206.1 Human herpesvirus 5 strain JER4041, complete genome
KR534203.1	97.728	2245	1	2245	180195	177952	3862	0.0	KR534203.1 Human herpesvirus 5 strain JER3230, complete genome
KP745700.1	97.688	2249	1	2245	180266	178018	3862	0.0	KP745700.1 Human herpesvirus 5 strain BE/4/2011, complete genome
KP745637.1	97.728	2245	1	2245	180336	178093	3862	0.0	KP745637.1 Human herpesvirus 5 strain BE/9/2011, complete genome
MT070142.1	97.728	2245	1	2245	178865	176622	3862	0.0	MT070142.1 Human betaherpesvirus 5 isolate P15, complete genome
MT070141.1	97.728	2245	1	2245	178674	176431	3862	0.0	MT070141.1 Human betaherpesvirus 5 isolate P14, complete genome
MT070138.1	97.728	2245	1	2245	179018	176775	3862	0.0	MT070138.1 Human betaherpesvirus 5 isolate P4, complete genome
MW528462.1	97.728	2245	1	2245	179906	177664	3862	0.0	MW528462.1 Human betaherpesvirus 5 isolate BM11, complete genome
OV100763.1	97.728	2245	1	2245	180338	178095	3862	0.0	OV100763.1 Human betaherpesvirus 5 isolate S2_3M_R2 genome assembly, complete genome: monopartite
KX544833.1	97.728	2245	1	2245	180058	177817	3860	0.0	KX544833.1 Human betaherpesvirus 5 isolate VR3908, complete genome
JX512207.1	97.728	2245	1	2245	180476	178237	3858	0.0	JX512207.1 Human herpesvirus 5 strain HAN28, complete genome
KR534197.1	97.684	2245	1	2245	179832	177590	3856	0.0	KR534197.1 Human herpesvirus 5 strain JER851, complete genome
KP745720.1	97.684	2245	1	2245	180383	178141	3856	0.0	KP745720.1 Human herpesvirus 5 strain BE/15/2011, complete genome
KP745686.1	97.684	2245	1	2245	180340	178098	3856	0.0	KP745686.1 Human herpesvirus 5 strain BE/39/2011, complete genome
KT634296.1	97.684	2245	1	2245	179683	177440	3856	0.0	KT634296.1 Human herpesvirus 5 strain UKNEQAS2, complete genome
KP745677.1	97.684	2245	1	2245	180158	177917	3855	0.0	KP745677.1 Human herpesvirus 5 strain BE/1/2010, complete genome
KP745678.1	97.639	2245	1	2245	180281	178039	3851	0.0	KP745678.1 Human herpesvirus 5 strain BE/25/2010, complete genome
KP745640.1	97.639	2245	1	2245	180415	178173	3851	0.0	KP745640.1 Human herpesvirus 5 strain BE/22/2010, complete genome
KX544838.1	97.639	2245	1	2245	180116	177874	3851	0.0	KX544838.1 Human betaherpesvirus 5 isolate VR7863, complete genome
KY490084.1	97.639	2245	1	2245	179934	177692	3851	0.0	KY490084.1 Human betaherpesvirus 5 strain HANSCTR10, complete genome
MW528459.1	97.599	2249	1	2245	180423	178175	3851	0.0	MW528459.1 Human betaherpesvirus 5 isolate BM2, complete genome
JX512208.1	97.598	2248	1	2245	180413	178166	3849	0.0	JX512208.1 Human herpesvirus 5 strain HAN31, complete genome
KY490067.1	97.598	2248	1	2245	180050	177804	3849	0.0	KY490067.1 Human betaherpesvirus 5 strain PRA5, complete genome
MT044482.1	97.598	2248	1	2245	180393	178146	3849	0.0	MT044482.1 Human betaherpesvirus 5 strain GLA-SOT3, complete genome
MW197155.1	97.598	2248	1	2245	180164	177918	3849	0.0	MW197155.1 Human betaherpesvirus 5 strain P-225, partial genome
ON119193.1	97.598	2248	1	2245	180447	178200	3849	0.0	ON119193.1 Human betaherpesvirus 5 isolate E20749, partial genome
GQ222017.2	97.598	2248	1	2245	11702	9457	3847	0.0	GQ222017.2 Human herpesvirus 5 strain U3, partial genome
KR534211.1	97.595	2245	1	2245	180289	178047	3845	0.0	KR534211.1 Human herpesvirus 5 strain JER5409, complete genome
KP745656.1	97.595	2245	1	2245	180064	177822	3845	0.0	KP745656.1 Human herpesvirus 5 strain BE/2/2013, complete genome
KP745719.1	97.553	2248	1	2245	180315	178069	3843	0.0	KP745719.1 Human herpesvirus 5 strain BE/26/2010, complete genome
KP745716.1	97.553	2248	1	2245	180155	177909	3843	0.0	KP745716.1 Human herpesvirus 5 strain BE/16/2010, complete genome
KP745693.1	97.553	2248	1	2245	180290	178044	3843	0.0	KP745693.1 Human herpesvirus 5 strain BE/15/2012, complete genome
KP745670.1	97.553	2248	1	2245	180301	178055	3843	0.0	KP745670.1 Human herpesvirus 5 strain BE/30/2011, complete genome
KP745666.1	97.553	2248	1	2245	180308	178062	3843	0.0	KP745666.1 Human herpesvirus 5 strain BE/7/2012, complete genome
KP745665.1	97.553	2248	1	2245	180237	177991	3843	0.0	KP745665.1 Human herpesvirus 5 strain BE/16/2012, complete genome
KP745652.1	97.553	2248	1	2245	180463	178217	3843	0.0	KP745652.1 Human herpesvirus 5 strain BE/2/2011, complete genome
KT726942.2	97.553	2248	1	2245	180702	178455	3843	0.0	KT726942.2 Human betaherpesvirus 5 strain NL/Rot3/Nasal/2012, partial genome
KY490078.1	97.553	2248	1	2245	180080	177834	3843	0.0	KY490078.1 Human betaherpesvirus 5 strain HANRTR10, complete genome
KR534201.1	97.552	2247	2	2245	180024	177779	3842	0.0	KR534201.1 Human herpesvirus 5 strain JER2002, complete genome
KP745710.1	97.552	2247	2	2245	180508	178263	3842	0.0	KP745710.1 Human herpesvirus 5 strain BE/2/2012, complete genome
JX512200.1	97.509	2248	1	2245	178011	175765	3838	0.0	JX512200.1 Human herpesvirus 5 strain HAN2, complete genome
KP745680.1	97.509	2248	1	2245	180317	178071	3838	0.0	KP745680.1 Human herpesvirus 5 strain BE/11/2012, complete genome
KP745636.1	97.509	2248	1	2245	180706	178460	3838	0.0	KP745636.1 Human herpesvirus 5 strain BE/7/2011, complete genome
MK422176.1	97.509	2248	1	2245	180998	178752	3838	0.0	MK422176.1 Human betaherpesvirus 5 strain LUS243, complete genome
KX544841.1	97.673	2235	11	2242	4517	6751	3836	0.0	KX544841.1 Human betaherpesvirus 5 isolate VHL-E_Merck_UNC, complete genome
KY490076.1	97.506	2245	1	2245	180206	177962	3836	0.0	KY490076.1 Human betaherpesvirus 5 strain HANRTR8, complete genome
MK425187.1	97.632	2238	11	2245	180391	178154	3836	0.0	MK425187.1 Human betaherpesvirus 5 transgenic clone VHL-E-BAC19, complete sequence
OK000910.1	97.632	2238	11	2245	180352	178115	3836	0.0	OK000910.1 Human betaherpesvirus 5 strain VHL/E, complete genome
KJ361962.1	97.506	2245	1	2245	180030	177788	3834	0.0	KJ361962.1 Human herpesvirus 5 strain PAV6, complete genome
KP745654.1	97.506	2245	1	2245	180073	177830	3834	0.0	KP745654.1 Human herpesvirus 5 strain BE/19/2011, complete genome
KY490080.1	97.468	2251	1	2245	180575	178326	3834	0.0	KY490080.1 Human betaherpesvirus 5 strain HANSCTR1B, complete genome
OK000912.1	97.506	2245	1	2245	175033	172791	3834	0.0	OK000912.1 Human betaherpesvirus 5 strain SOMA, complete genome
GQ222009.2	97.506	2245	1	2245	11715	9474	3832	0.0	GQ222009.2 Human herpesvirus 5 strain U4, partial genome
KR534210.1	97.504	2244	2	2245	180505	178263	3832	0.0	KR534210.1 Human herpesvirus 5 strain JER5268, complete genome
KY123653.1	97.506	2245	1	2245	180284	178043	3832	0.0	KY123653.1 Human betaherpesvirus 5 strain HANSCTR4, complete genome
MT649470.1	97.506	2245	1	2245	180283	178042	3832	0.0	MT649470.1 Human betaherpesvirus 5 strain HAN-SCT17, complete genome
KP745682.1	97.420	2248	1	2245	180419	178174	3825	0.0	KP745682.1 Human herpesvirus 5 strain BE/46/2011, complete genome
OV100762.1	97.420	2248	1	2245	180349	178104	3825	0.0	OV100762.1 Human betaherpesvirus 5 isolate U3_3M genome assembly, complete genome: monopartite
KJ361956.1	97.377	2249	1	2245	179725	177477	3823	0.0	KJ361956.1 Human herpesvirus 5 strain HAN36, complete genome
KP745644.1	97.379	2251	1	2245	180363	178114	3823	0.0	KP745644.1 Human herpesvirus 5 strain BE/31/2010, complete genome
GQ222018.1	97.375	2248	1	2245	11737	9490	3821	0.0	GQ222018.1 Human herpesvirus 5 strain VR3216B, partial genome
KY123651.1	97.338	2254	1	2245	180107	177854	3821	0.0	KY123651.1 Human betaherpesvirus 5 strain HANRTR4, complete genome
KR534205.1	97.375	2248	1	2245	180363	178118	3819	0.0	KR534205.1 Human herpesvirus 5 strain JER4035, complete genome
KR534199.1	97.375	2248	1	2245	180014	177769	3819	0.0	KR534199.1 Human herpesvirus 5 strain JER1070, complete genome
KP745704.1	97.375	2248	1	2245	180411	178166	3819	0.0	KP745704.1 Human herpesvirus 5 strain BE/32/2011, complete genome
KP745675.1	97.375	2248	1	2245	179989	177744	3819	0.0	KP745675.1 Human herpesvirus 5 strain BE/23/2011, complete genome
KP745660.1	97.375	2248	1	2245	179825	177580	3819	0.0	KP745660.1 Human herpesvirus 5 strain BE/6/2011, complete genome
KY123652.1	97.375	2248	1	2245	180285	178040	3819	0.0	KY123652.1 Human betaherpesvirus 5 strain HANRTR5, complete genome
ON119194.1	97.372	2245	1	2245	180439	178195	3819	0.0	ON119194.1 Human betaherpesvirus 5 isolate E9045, partial genome
JX512198.1	97.372	2245	1	2245	174931	172688	3818	0.0	JX512198.1 Human herpesvirus 5 strain Davis, complete genome
KC519322.1	97.372	2245	1	2245	180033	177791	3818	0.0	KC519322.1 Human herpesvirus 5 strain BE/21/2010, complete genome
KP745648.1	97.372	2245	1	2245	180139	177897	3818	0.0	KP745648.1 Human herpesvirus 5 strain BE/8/2011, complete genome
KP745633.1	97.374	2247	2	2245	180263	178019	3818	0.0	KP745633.1 Human herpesvirus 5 strain BE/45/2011, complete genome
KX544837.1	97.372	2245	1	2245	179984	177742	3818	0.0	KX544837.1 Human betaherpesvirus 5 isolate VR5235, complete genome
KT726947.2	97.372	2245	1	2245	179946	177704	3818	0.0	KT726947.2 Human betaherpesvirus 5 strain UK/Lon1/Blood/2013, complete genome
KP745696.1	97.331	2248	1	2245	179977	177731	3816	0.0	KP745696.1 Human herpesvirus 5 strain BE/27/2011, complete genome
KY123649.1	97.331	2248	1	2245	180320	178074	3816	0.0	KY123649.1 Human betaherpesvirus 5 strain HANChild4, complete genome
KY490065.1	97.294	2254	1	2245	180163	177910	3816	0.0	KY490065.1 Human betaherpesvirus 5 strain PRA3, complete genome
OR546129.1	97.292	2253	1	2245	180112	177860	3816	0.0	OR546129.1 Cytomegalovirus humanbeta5 strain FFPE-239, complete genome
KP745685.1	97.327	2245	1	2245	180054	177810	3814	0.0	KP745685.1 Human herpesvirus 5 strain CZ/3/2012, complete genome
KP745669.1	97.331	2248	1	2245	180338	178093	3814	0.0	KP745669.1 Human herpesvirus 5 strain BE/28/2011, complete genome
KP745668.1	97.331	2248	1	2245	179986	177741	3814	0.0	KP745668.1 Human herpesvirus 5 strain BE/18/2011, complete genome
GQ396662.1	97.327	2245	1	2245	180421	178178	3812	0.0	GQ396662.1 Human herpesvirus 5 strain HAN38, complete genome
KT726948.2	97.327	2245	1	2245	180058	177816	3812	0.0	KT726948.2 Human betaherpesvirus 5 strain UK/Lon2/Blood/2013, partial genome
KY490072.1	97.327	2245	1	2245	180239	177997	3812	0.0	KY490072.1 Human betaherpesvirus 5 strain HANChild2&3, complete genome
KT726946.2	97.327	2245	1	2245	180450	178210	3810	0.0	KT726946.2 Human betaherpesvirus 5 strain NL/Rot7/Urine/2012, partial genome
KT726941.2	97.286	2248	1	2245	180532	178286	3810	0.0	KT726941.2 Human betaherpesvirus 5 strain NL/Rot2/Urine/2012, partial genome
MT044485.1	97.326	2244	2	2245	180572	178330	3810	0.0	MT044485.1 Human betaherpesvirus 5 strain SYD-SCT1, complete genome
MW197154.1	97.286	2248	1	2245	179894	177649	3808	0.0	MW197154.1 Human betaherpesvirus 5 strain P-083, complete genome
KJ361963.1	97.282	2244	2	2245	180179	177936	3807	0.0	KJ361963.1 Human herpesvirus 5 strain PAV7, complete genome
KP745713.1	97.283	2245	1	2245	180460	178217	3807	0.0	KP745713.1 Human herpesvirus 5 strain BE/35/2011, complete genome
KP745634.1	97.283	2245	1	2245	180148	177906	3807	0.0	KP745634.1 Human herpesvirus 5 strain BE/32/2010, complete genome
KU550087.1	97.283	2245	1	2245	179900	177658	3807	0.0	KU550087.1 Human betaherpesvirus 5 strain NAN1LA, complete genome
KY490070.1	97.283	2245	1	2245	180288	178045	3807	0.0	KY490070.1 Human betaherpesvirus 5 strain PRA8, complete genome
KJ872541.1	97.282	2244	2	2245	180442	178201	3805	0.0	KJ872541.1 Human herpesvirus 5 strain PAV20, complete genome
KP745691.1	97.242	2248	1	2245	180307	178061	3805	0.0	KP745691.1 Human herpesvirus 5 strain CZ/1/2013, complete genome
KP745661.1	97.283	2245	1	2245	179840	177599	3805	0.0	KP745661.1 Human herpesvirus 5 strain BE/33/2010, complete genome
KU550089.1	97.283	2245	1	2245	180481	178240	3805	0.0	KU550089.1 Human betaherpesvirus 5 strain NAN4LA, complete genome
MT649472.1	97.242	2248	1	2245	180345	178099	3805	0.0	MT649472.1 Human betaherpesvirus 5 strain HAN-SCT15, complete genome
GQ222013.2	97.242	2248	1	2245	11702	9458	3803	0.0	GQ222013.2 Human herpesvirus 5 strain 4119, partial genome
KR534208.1	97.238	2245	1	2245	180081	177839	3801	0.0	KR534208.1 Human herpesvirus 5 strain JER4559, complete genome
KP745687.1	97.238	2245	1	2245	179867	177625	3801	0.0	KP745687.1 Human herpesvirus 5 strain BE/36/2011, complete genome
KP745658.1	97.238	2245	1	2245	179870	177628	3801	0.0	KP745658.1 Human herpesvirus 5 strain BE/14/2012, complete genome
KP745639.1	97.238	2245	1	2245	180057	177815	3801	0.0	KP745639.1 Human herpesvirus 5 strain BE/10/2011, complete genome
KY490071.1	97.238	2245	1	2245	180137	177894	3801	0.0	KY490071.1 Human betaherpesvirus 5 strain HANChild1, complete genome
MW528463.1	97.238	2245	1	2245	180091	177848	3801	0.0	MW528463.1 Human betaherpesvirus 5 isolate BM18, complete genome
KR534202.1	97.198	2248	1	2245	179552	177305	3799	0.0	KR534202.1 Human herpesvirus 5 strain JER2282, complete genome
KR534196.1	97.198	2248	1	2245	180165	177918	3799	0.0	KR534196.1 Human herpesvirus 5 strain JER847, complete genome
KP745695.1	97.238	2245	1	2245	179909	177668	3799	0.0	KP745695.1 Human herpesvirus 5 strain BE/6/2012, complete genome
KT959235.1	97.238	2245	1	2245	180265	178024	3799	0.0	KT959235.1 Human betaherpesvirus 5 strain DB, complete genome
KP745638.1	97.194	2245	1	2245	180244	178000	3797	0.0	KP745638.1 Human herpesvirus 5 strain BE/15/2010, complete genome
KY490074.1	97.198	2248	1	2245	180363	178118	3797	0.0	KY490074.1 Human betaherpesvirus 5 strain HANRTR1B, complete genome
KY490073.1	97.198	2248	1	2245	179896	177651	3797	0.0	KY490073.1 Human betaherpesvirus 5 strain HANRTR1A, complete genome
AX530266.1	97.194	2245	1	2245	11434	13676	3795	0.0	AX530266.1 Sequence 2 from Patent WO02066629
FJ527563.1	97.194	2245	1	2245	180075	177833	3795	0.0	FJ527563.1 Human herpesvirus 5 strain AD169, complete genome
GU980198.1	97.194	2245	1	2245	185432	183190	3795	0.0	GU980198.1 Human herpesvirus 5 transgenic strain CINCY+Towne, complete genome
KJ361964.1	97.194	2245	1	2245	180456	178213	3795	0.0	KJ361964.1 Human herpesvirus 5 strain PAV8, complete genome
KP745723.1	97.194	2245	1	2245	179756	177514	3795	0.0	KP745723.1 Human herpesvirus 5 strain BE/37/2011, complete genome
MN900952.1	97.194	2245	1	2245	179581	177339	3795	0.0	MN900952.1 Mutant Human betaherpesvirus 5 clone AD169-BAC2, complete genome
MT070139.1	97.194	2245	1	2245	179002	176759	3795	0.0	MT070139.1 Human betaherpesvirus 5 isolate P6, complete genome
JX512199.1	97.154	2249	1	2245	180107	177860	3794	0.0	JX512199.1 Human herpesvirus 5 strain HAN1, complete genome
KJ361946.1	97.153	2248	1	2245	180026	177780	3794	0.0	KJ361946.1 Human herpesvirus 5 strain 2CEN2, complete genome
KP745722.1	97.194	2245	2	2245	180208	177967	3794	0.0	KP745722.1 Human herpesvirus 5 strain BE/40/2011, complete genome
KP745718.1	97.154	2249	1	2245	180072	177825	3794	0.0	KP745718.1 Human herpesvirus 5 strain CZ/1/2011, complete genome
KP745664.1	97.154	2249	1	2245	179794	177547	3794	0.0	KP745664.1 Human herpesvirus 5 strain CZ/2/2013, complete genome
MT044481.1	97.153	2248	1	2245	180410	178163	3794	0.0	MT044481.1 Human betaherpesvirus 5 strain GLA-SOT2, complete genome
MW528461.1	97.154	2249	1	2245	179706	177459	3794	0.0	MW528461.1 Human betaherpesvirus 5 isolate BM8, complete genome
KR534213.1	97.149	2245	1	2245	180307	178063	3792	0.0	KR534213.1 Human herpesvirus 5 strain JER5695, complete genome
KR534198.1	97.153	2248	1	2245	180365	178121	3792	0.0	KR534198.1 Human herpesvirus 5 strain JER893, complete genome
DQ229947.1	97.149	2245	1	2245	4257	2015	3790	0.0	DQ229947.1 Human herpesvirus 5 isolate 39J UL/b' region
DQ229946.1	97.149	2245	1	2245	4261	2019	3790	0.0	DQ229946.1 Human herpesvirus 5 isolate 2J UL/b' region
KR534204.1	97.149	2245	1	2245	179781	177539	3790	0.0	KR534204.1 Human herpesvirus 5 strain JER3855, complete genome
KP745707.1	97.149	2245	1	2245	180142	177900	3790	0.0	KP745707.1 Human herpesvirus 5 strain BE/13/2012, complete genome
KP745698.1	97.149	2245	1	2245	180085	177842	3790	0.0	KP745698.1 Human herpesvirus 5 strain BE/20/2011, complete genome
KT726953.2	97.149	2245	1	2245	179984	177742	3790	0.0	KT726953.2 Human betaherpesvirus 5 strain UK/Lon9/Urine/2012, partial genome
MK290742.1	97.112	2251	1	2245	180095	177847	3790	0.0	MK290742.1 Human betaherpesvirus 5 strain LUS193, complete genome
MT044483.1	97.111	2250	1	2245	179647	177399	3790	0.0	MT044483.1 Human betaherpesvirus 5 strain HAN-SOT3, complete genome
MT649471.1	97.149	2245	1	2245	180221	177978	3790	0.0	MT649471.1 Human betaherpesvirus 5 strain HAN-SCT16, complete genome
MW528460.1	97.149	2245	1	2245	180312	178070	3790	0.0	MW528460.1 Human betaherpesvirus 5 isolate BM5, complete genome
KP745703.1	97.149	2245	1	2245	179994	177753	3788	0.0	KP745703.1 Human herpesvirus 5 strain BE/26/2011, complete genome
KP745684.1	97.110	2249	1	2245	179784	177537	3788	0.0	KP745684.1 Human herpesvirus 5 strain BE/11/2011, complete genome
KY490062.1	97.110	2249	1	2245	179581	177335	3788	0.0	KY490062.1 Human betaherpesvirus 5 strain PAV32, complete genome
JX512203.1	97.105	2245	1	2245	180424	178180	3786	0.0	JX512203.1 Human herpesvirus 5 strain HAN12, complete genome
JX512202.1	97.105	2245	1	2245	179900	177657	3784	0.0	JX512202.1 Human herpesvirus 5 strain HAN8, complete genome
KP745714.1	97.067	2250	1	2245	180193	177945	3784	0.0	KP745714.1 Human herpesvirus 5 strain BE/29/2010, complete genome
KP745642.1	97.068	2251	1	2245	180177	177929	3784	0.0	KP745642.1 Human herpesvirus 5 strain CZ/1/2012, complete genome
KY490066.1	97.105	2245	1	2245	180193	177950	3784	0.0	KY490066.1 Human betaherpesvirus 5 strain PRA4, complete genome
MT649474.1	97.105	2245	1	2245	180119	177876	3784	0.0	MT649474.1 Human betaherpesvirus 5 strain HAN-SCT13, partial genome
KP745649.1	97.105	2245	1	2245	179923	177683	3783	0.0	KP745649.1 Human herpesvirus 5 strain BE/10/2012, complete genome
AC146851.1	97.060	2245	1	2245	213596	211354	3779	0.0	AC146851.1 Human Herpesvirus 5 Towne-BAC isolate, complete sequence
AY315197.2	97.060	2245	1	2245	178569	176327	3779	0.0	AY315197.2 Human herpesvirus 5 strain Towne, complete genome
DQ229944.1	97.060	2245	1	2245	4258	2016	3779	0.0	DQ229944.1 Human herpesvirus 5 isolate 27C UL/b' region
FJ616285.1	97.060	2245	1	2245	179610	177368	3779	0.0	FJ616285.1 Human herpesvirus 5 strain Towne, complete genome
GQ121041.1	97.060	2245	1	2245	179909	177667	3779	0.0	GQ121041.1 Human herpesvirus 5 transgenic strain Towne, complete genome
KJ361960.1	97.060	2245	1	2245	180306	178063	3779	0.0	KJ361960.1 Human herpesvirus 5 strain PAV4, complete genome
KF493877.1	97.060	2245	1	2245	210627	208385	3779	0.0	KF493877.1 Human herpesvirus 5 transgenic isolate Towne-BAC-der, complete genome
KF493876.1	97.060	2245	1	2245	210545	208303	3779	0.0	KF493876.1 Human herpesvirus 5 transgenic isolate Towne-BAC_UL96_Mutant, complete genome
KU550090.1	97.060	2245	1	2245	180049	177807	3779	0.0	KU550090.1 Human betaherpesvirus 5 strain NANU, complete genome
LT907985.2	97.060	2245	1	2245	179610	177368	3779	0.0	LT907985.2 Human betaherpesvirus 5 isolate Towne genome assembly, chromosome: 1
ON119198.1	97.060	2245	1	2245	180387	178144	3779	0.0	ON119198.1 Human betaherpesvirus 5 isolate E79446, partial genome
OU342918.1	97.060	2245	1	2245	180157	177915	3779	0.0	OU342918.1 Human betaherpesvirus 5 isolate DUR08 genome assembly, complete genome: monopartite
OU342917.1	97.059	2244	2	2245	180461	178220	3777	0.0	OU342917.1 Human betaherpesvirus 5 isolate DUR12 genome assembly, complete genome: monopartite
KC519323.1	97.020	2248	1	2245	180032	177787	3775	0.0	KC519323.1 Human herpesvirus 5 strain BE/27/2010, complete genome
DQ229942.1	97.016	2245	1	2245	4258	2016	3773	0.0	DQ229942.1 Human herpesvirus 5 isolate 1M UL/b' region
GQ396663.1	97.016	2245	1	2245	180219	177977	3773	0.0	GQ396663.1 Human herpesvirus 5 strain HAN20, complete genome
AY446865.1	97.016	2245	1	2245	11705	9464	3771	0.0	AY446865.1 Human herpesvirus 5 strain W, partial genome
KX544836.1	97.016	2245	1	2245	179985	177744	3771	0.0	KX544836.1 Human betaherpesvirus 5 isolate VR5201, complete genome
KX544831.1	97.016	2245	1	2245	179557	177316	3771	0.0	KX544831.1 Human betaherpesvirus 5 isolate NR, complete genome
ON119191.1	96.975	2248	1	2245	180421	178175	3771	0.0	ON119191.1 Human betaherpesvirus 5 isolate E18800, partial genome
AC146904.1	96.971	2245	1	2245	47888	50132	3770	0.0	AC146904.1 Human Herpesvirus 5 PH-BAC isolate, complete sequence
JN379814.1	96.928	2246	1	2245	177953	175711	3770	0.0	JN379814.1 UNVERIFIED: Human herpesvirus 5 strain U01, partial genome
KP745674.1	96.971	2245	1	2245	180141	177897	3770	0.0	KP745674.1 Human herpesvirus 5 strain BE/33/2011, complete genome
KU550088.1	96.971	2245	1	2245	179887	177643	3770	0.0	KU550088.1 Human betaherpesvirus 5 strain NAN2LA, complete genome
JN625525.1	96.971	2245	1	2245	919	3161	3768	0.0	JN625525.1 Human herpesvirus 5 isolate Xu ul146, ul147, ul147A, ul148, and ul132 mRNA, complete cds
KY490079.1	96.971	2245	1	2245	180329	178087	3768	0.0	KY490079.1 Human betaherpesvirus 5 strain HANSCTR1A, complete genome
ON119196.1	96.971	2245	1	2245	180383	178140	3768	0.0	ON119196.1 Human betaherpesvirus 5 isolate E31354, partial genome
OU342916.1	96.971	2245	1	2245	180077	177835	3768	0.0	OU342916.1 Human betaherpesvirus 5 isolate DUR10 genome assembly, complete genome: monopartite
OU342914.1	96.935	2251	1	2245	180338	178090	3768	0.0	OU342914.1 Human betaherpesvirus 5 isolate PRA05 genome assembly, complete genome: monopartite
KT726940.2	96.931	2248	1	2245	180176	177930	3766	0.0	KT726940.2 Human betaherpesvirus 5 strain NL/Rot1/Urine/2012, partial genome
OK000911.1	96.927	2245	1	2245	179192	176948	3764	0.0	OK000911.1 Human betaherpesvirus 5 strain DABE, complete genome
HQ380895.1	96.927	2245	1	2245	180179	177936	3762	0.0	HQ380895.1 Human herpesvirus 5 strain JHC, complete genome
KY490088.1	96.927	2245	1	2245	180148	177906	3762	0.0	KY490088.1 Human betaherpesvirus 5 strain HANSCTR13, complete genome
KY490087.1	96.927	2245	1	2245	180607	178364	3762	0.0	KY490087.1 Human betaherpesvirus 5 strain HANSCTR12, complete genome
KY490075.1	96.927	2245	1	2245	180434	178191	3762	0.0	KY490075.1 Human betaherpesvirus 5 strain HANRTR6, complete genome
KJ361957.1	96.927	2245	1	2245	180287	178046	3760	0.0	KJ361957.1 Human herpesvirus 5 strain HAN39, complete genome
KY490083.1	96.927	2245	1	2245	180268	178027	3760	0.0	KY490083.1 Human betaherpesvirus 5 strain HANSCTR9, complete genome
MK290744.1	96.925	2244	2	2245	180329	178088	3760	0.0	MK290744.1 Human betaherpesvirus 5 strain LUS283, complete genome
GQ221974.1	96.886	2248	1	2245	180255	178011	3759	0.0	GQ221974.1 Human herpesvirus 5 strain 3157, complete genome
KJ361971.1	96.925	2244	2	2245	180050	177810	3759	0.0	KJ361971.1 Human herpesvirus 5 strain UKNEQAS1, complete genome
KJ361965.1	96.886	2248	1	2245	180486	178241	3759	0.0	KJ361965.1 Human herpesvirus 5 strain PAV11, complete genome
KP745709.1	96.885	2247	2	2245	180211	177966	3759	0.0	KP745709.1 Human herpesvirus 5 strain BE/48/2011, complete genome
KP745676.1	96.886	2248	1	2245	180382	178137	3759	0.0	KP745676.1 Human herpesvirus 5 strain BE/28/2010, complete genome
KP745646.1	96.886	2248	1	2245	180217	177972	3759	0.0	KP745646.1 Human herpesvirus 5 strain BE/8/2012, complete genome
DQ229945.1	96.882	2245	1	2245	4258	2016	3757	0.0	DQ229945.1 Human herpesvirus 5 isolate 29C UL/b' region
KP745724.1	96.882	2245	1	2245	180207	177965	3757	0.0	KP745724.1 Human herpesvirus 5 strain BE/4/2012, complete genome
OR546128.1	96.842	2248	1	2245	180064	177818	3755	0.0	OR546128.1 Cytomegalovirus humanbeta5 strain FFPE-184, complete genome
KP745671.1	96.842	2248	1	2245	180049	177804	3753	0.0	KP745671.1 Human herpesvirus 5 strain BE/14/2011, complete genome
JN379816.1	96.837	2245	1	2245	178242	176000	3751	0.0	JN379816.1 UNVERIFIED: Human herpesvirus 5 strain U33, partial genome
KR534200.1	96.837	2245	1	2245	180270	178028	3751	0.0	KR534200.1 Human herpesvirus 5 strain JER1289, complete genome
KP745653.1	96.837	2245	1	2245	180292	178050	3751	0.0	KP745653.1 Human herpesvirus 5 strain BE/22/2011, complete genome
MT044478.1	96.837	2245	1	2245	180253	178011	3751	0.0	MT044478.1 Human betaherpesvirus 5 strain HAN-SOT1, complete genome
KJ361961.1	96.837	2245	1	2245	180257	178016	3749	0.0	KJ361961.1 Human herpesvirus 5 strain PAV5, complete genome
KP745655.1	96.837	2245	1	2245	180593	178352	3749	0.0	KP745655.1 Human herpesvirus 5 strain BE/3/2010, complete genome
MW528464.1	96.837	2245	1	2245	180042	177801	3749	0.0	MW528464.1 Human betaherpesvirus 5 isolate BM34, complete genome
OR546130.1	96.837	2245	1	2245	179954	177713	3749	0.0	OR546130.1 Cytomegalovirus humanbeta5 strain FFPE-413, complete genome
DQ229943.1	96.797	2248	1	2245	4260	2015	3747	0.0	DQ229943.1 Human herpesvirus 5 isolate 20M UL/b' region
GU179291.1	96.836	2244	2	2245	180259	178019	3747	0.0	GU179291.1 Human herpesvirus 5 strain AF1, complete genome
GQ221973.1	96.836	2244	2	2245	180318	178078	3747	0.0	GQ221973.1 Human herpesvirus 5 strain HAN13, complete genome
KP745692.1	96.836	2244	2	2245	180205	177965	3747	0.0	KP745692.1 Human herpesvirus 5 strain BE/3/2012, complete genome
KC519321.1	96.793	2245	1	2245	179984	177742	3746	0.0	KC519321.1 Human herpesvirus 5 strain BE/11/2010, complete genome
KP745727.1	96.793	2245	1	2245	180447	178204	3746	0.0	KP745727.1 Human herpesvirus 5 strain BE/17/2010, complete genome
KP745689.1	96.796	2247	2	2245	180279	178035	3746	0.0	KP745689.1 Human herpesvirus 5 strain BE/17/2011, complete genome
KT726943.2	96.796	2247	2	2245	180221	177977	3746	0.0	KT726943.2 Human betaherpesvirus 5 strain NL/Rot4/Nasal/2012, partial genome
ON119192.1	96.796	2247	2	2245	180402	178158	3746	0.0	ON119192.1 Human betaherpesvirus 5 isolate E20744, partial genome
OU342911.1	96.793	2245	1	2245	180242	178000	3746	0.0	OU342911.1 Human betaherpesvirus 5 isolate PRA06 genome assembly, complete genome: monopartite
KJ361959.1	96.793	2245	1	2245	180456	178215	3744	0.0	KJ361959.1 Human herpesvirus 5 strain PAV1, complete genome
KP745701.1	96.793	2245	1	2245	180355	178114	3744	0.0	KP745701.1 Human herpesvirus 5 strain BE/6/2010, complete genome
KX544835.1	96.793	2245	1	2245	179882	177642	3744	0.0	KX544835.1 Human betaherpesvirus 5 isolate VR5022, complete genome
KX544834.1	96.793	2245	1	2245	180128	177887	3744	0.0	KX544834.1 Human betaherpesvirus 5 isolate SUB_22, complete genome
MT649473.1	96.793	2245	1	2245	180430	178189	3744	0.0	MT649473.1 Human betaherpesvirus 5 strain HAN-SCT14, complete genome
KP745679.1	96.791	2244	2	2245	180217	177977	3742	0.0	KP745679.1 Human herpesvirus 5 strain BE/24/2010, complete genome
KP745672.1	96.791	2244	2	2245	180480	178240	3742	0.0	KP745672.1 Human herpesvirus 5 strain BE/29/2011, complete genome
AC146906.1	96.751	2247	1	2245	216129	213887	3740	0.0	AC146906.1 Human Herpesvirus 5 TR-BAC isolate, complete sequence
KF021605.1	96.751	2247	1	2245	180461	178219	3740	0.0	KF021605.1 Human herpesvirus 5 strain TR, complete genome
KP745705.1	96.713	2251	1	2245	180137	177888	3740	0.0	KP745705.1 Human herpesvirus 5 strain BE/38/2011, complete genome
KP745699.1	96.751	2247	2	2245	179917	177673	3740	0.0	KP745699.1 Human herpesvirus 5 strain BE/1/2012, complete genome
MA762834.1	96.751	2247	1	2245	178959	176717	3740	0.0	MA762834.1 JP 2017522026-A/1: HUMAN CYTOMEGALOVIRUS COMPRISING EXOGENOUS ANTIGENS
LY731000.1	96.751	2247	1	2245	178959	176717	3740	0.0	LY731000.1 KR 1020190080970-A/1: HUMAN CYTOMEGALOVIRUS COMPRISING EXOGENOUS ANTIGENS
LY505272.1	96.751	2247	1	2245	178959	176717	3740	0.0	LY505272.1 KR 1020170035952-A/1: HUMAN CYTOMEGALOVIRUS COMPRISING EXOGENOUS ANTIGENS
MN274568.2	96.748	2245	1	2245	180450	178208	3740	0.0	MN274568.2 Human betaherpesvirus 5 strain Ig-KG-H2, complete genome
MN075802.1	96.751	2247	1	2245	180465	178223	3740	0.0	MN075802.1 Mutant Human betaherpesvirus 5 isolate TR3_BAC, complete sequence
MT894141.2	96.748	2245	1	2245	180452	178210	3740	0.0	MT894141.2 Human betaherpesvirus 5 strain Ig-KG-H2varP14S, complete genome
OF231933.1	96.751	2247	1	2245	178959	176717	3740	0.0	OF231933.1 KR 1020210008156-A/1: HUMAN CYTOMEGALOVIRUS COMPRISING EXOGENOUS ANTIGENS
ON119199.1	96.748	2245	1	2245	180446	178204	3740	0.0	ON119199.1 Human betaherpesvirus 5 isolate E29747, partial genome
KX544832.1	96.748	2245	1	2245	180271	178032	3736	0.0	KX544832.1 Human betaherpesvirus 5 isolate SUB_24, complete genome
MT649469.1	96.747	2244	2	2245	180340	178100	3736	0.0	MT649469.1 Human betaherpesvirus 5 strain HAN-SCT18, complete genome
KJ872540.1	96.704	2245	1	2245	179866	177624	3735	0.0	KJ872540.1 Human herpesvirus 5 strain PAV18, complete genome
GQ222016.2	96.664	2248	1	2245	11716	9470	3733	0.0	GQ222016.2 Human herpesvirus 5 strain NT, partial genome
GU179288.1	96.704	2245	1	2245	180362	178124	3731	0.0	GU179288.1 Human herpesvirus 5 strain U8, complete genome
KJ872542.1	96.704	2245	1	2245	180334	178096	3731	0.0	KJ872542.1 Human herpesvirus 5 strain PAV21, complete genome
MT044477.1	96.615	2245	1	2245	180048	177806	3723	0.0	MT044477.1 Human betaherpesvirus 5 strain GLA-SOT4, complete genome
KY490068.1	96.500	2257	1	2245	180101	177845	3720	0.0	KY490068.1 Human betaherpesvirus 5 strain PRA6, complete genome
KJ361948.1	96.538	2253	2	2245	179929	177679	3718	0.0	KJ361948.1 Human herpesvirus 5 strain 2CEN15, complete genome
KT726949.2	96.538	2253	2	2245	180201	177951	3718	0.0	KT726949.2 Human betaherpesvirus 5 strain UK/Lon6/Urine/2011, complete genome
ON119195.1	96.570	2245	1	2245	180437	178194	3718	0.0	ON119195.1 Human betaherpesvirus 5 isolate E9361, partial genome
JX512197.1	96.972	2213	1	2210	179030	176819	3712	0.0	JX512197.1 Human herpesvirus 5 strain 6397, complete genome
KP745635.1	96.410	2256	2	2245	180196	177943	3705	0.0	KP745635.1 Human herpesvirus 5 strain BE/5/2012, complete genome
ON119190.1	96.441	2248	1	2245	180435	178189	3705	0.0	ON119190.1 Human betaherpesvirus 5 isolate E16662, partial genome
KP745673.1	96.441	2248	1	2245	180345	178100	3703	0.0	KP745673.1 Human herpesvirus 5 strain BE/42/2011, complete genome
MT649468.1	96.441	2248	1	2245	179927	177682	3703	0.0	MT649468.1 Human betaherpesvirus 5 strain HAN-SCT19, complete genome
OR546126.1	96.441	2248	1	2245	180207	177962	3703	0.0	OR546126.1 Cytomegalovirus humanbeta5 strain FFPE-35, complete genome
GQ222014.2	96.352	2248	1	2245	11697	9452	3692	0.0	GQ222014.2 Human herpesvirus 5 strain 5234, partial genome
KP973640.1	98.281	2036	210	2245	180182	178149	3565	0.0	KP973640.1 Human herpesvirus 5 strain Merlin isolate RCMV1855, complete genome
GQ221991.1	99.833	1796	1	1796	1796	1	3301	0.0	GQ221991.1 Human herpesvirus 5 strain HAN25 envelope glycoprotein UL132 (UL132) gene, partial cds; and membrane protein UL148 (UL148), membrane protein UL147A (UL147A), chemokine vCXCL2 (UL147), and chemokine vCXCL1 (UL146) genes, complete cds
GQ221989.1	99.777	1796	1	1796	1796	1	3295	0.0	GQ221989.1 Human herpesvirus 5 strain HAN23 envelope glycoprotein UL132 (UL132) gene, partial cds; and membrane protein UL148 (UL148), membrane protein UL147A (UL147A), chemokine vCXCL2 (UL147), and chemokine vCXCL1 (UL146) genes, complete cds
GQ221984.1	99.165	1796	1	1796	1796	1	3234	0.0	GQ221984.1 Human herpesvirus 5 strain HAN17 envelope glycoprotein UL132 (UL132) gene, partial cds; and membrane protein UL148 (UL148), membrane protein UL147A (UL147A), chemokine vCXCL2 (UL147), and chemokine vCXCL1 (UL146) genes, complete cds
GQ221990.1	97.439	1796	1	1796	1796	1	3062	0.0	GQ221990.1 Human herpesvirus 5 strain HAN24 envelope glycoprotein UL132 (UL132) gene, partial cds; and membrane protein UL148 (UL148), membrane protein UL147A (UL147A), chemokine vCXCL2 (UL147), and chemokine vCXCL1 (UL146) genes, complete cds
GQ221982.1	96.715	1796	1	1796	1796	1	2990	0.0	GQ221982.1 Human herpesvirus 5 strain HAN15 envelope glycoprotein UL132 (UL132) gene, partial cds; and membrane protein UL148 (UL148), membrane protein UL147A (UL147A), chemokine vCXCL2 (UL147), and chemokine vCXCL1 (UL146) genes, complete cds
GQ221994.1	96.659	1796	1	1796	1796	1	2985	0.0	GQ221994.1 Human herpesvirus 5 strain HAN29 envelope glycoprotein UL132 (UL132) gene, partial cds; and membrane protein UL148 (UL148), membrane protein UL147A (UL147A), chemokine vCXCL2 (UL147), and chemokine vCXCL1 (UL146) genes, complete cds
GQ221999.1	96.437	1796	1	1796	1796	1	2963	0.0	GQ221999.1 Human herpesvirus 5 strain HAN34 envelope glycoprotein UL132 (UL132) gene, partial cds; and membrane protein UL148 (UL148), membrane protein UL147A (UL147A), chemokine vCXCL2 (UL147), and chemokine vCXCL1 (UL146) genes, complete cds
KP973628.1	98.257	1377	1	1377	179898	178522	2410	0.0	KP973628.1 Human herpesvirus 5 strain Merlin isolate RCMV1821, complete genome
L19942.1	96.938	1437	809	2245	1	1435	2409	0.0	L19942.1 Human cytomegalovirus L1, L2, L3, R1 (transforming domain III) genes, complete cds
X75606.1	95.836	1441	809	2245	2085	655	2324	0.0	X75606.1 Human cytomegalovirus DNA for mtrIII region
AC146999.1	96.954	1346	900	2245	42428	43771	2257	0.0	AC146999.1 Human Herpesvirus 5 AD169-BAC isolate, complete sequence
AX686187.1	96.954	1346	900	2245	178221	176878	2257	0.0	AX686187.1 Sequence 64 from Patent WO02057437
BK000394.5	96.954	1346	900	2245	179154	177811	2257	0.0	BK000394.5 TPA_inf: Human herpesvirus 5 strain AD169 substrain varUK, complete genome
MN920393.1	96.954	1346	900	2245	178683	177340	2257	0.0	MN920393.1 Mutant Human betaherpesvirus 5 clone AD169-BAC20, complete genome
MK213797.1	96.954	1346	900	2245	42428	43771	2257	0.0	MK213797.1 Human betaherpesvirus 5 isolate UCSF-1a genomic sequence
MZ327301.1	96.954	1346	900	2245	175745	174402	2257	0.0	MZ327301.1 UNVERIFIED: Mutant Human betaherpesvirus 5 genomic sequence
X17403.1	96.954	1346	900	2245	178221	176878	2257	0.0	X17403.1 Human cytomegalovirus strain AD169 complete genome
AY961090.1	99.054	951	351	1301	1	951	1707	0.0	AY961090.1 Human herpesvirus 5 isolate 9J UL148 gene, complete cds
AY176502.1	98.948	951	351	1301	1	951	1701	0.0	AY176502.1 Human herpesvirus 5 isolate 26M UL148 gene, complete cds
AY176500.1	98.948	951	351	1301	1	951	1701	0.0	AY176500.1 Human herpesvirus 5 isolate 22M UL148 gene, complete cds
AY176499.1	98.948	951	351	1301	1	951	1701	0.0	AY176499.1 Human herpesvirus 5 isolate 1M UL148 gene, complete cds
AY176496.1	98.948	951	351	1301	1	951	1701	0.0	AY176496.1 Human herpesvirus 5 isolate 14J UL148 gene, complete cds
AY176495.1	98.948	951	351	1301	1	951	1701	0.0	AY176495.1 Human herpesvirus 5 isolate 13J UL148 gene, complete cds
AY176510.1	98.843	951	351	1301	1	951	1696	0.0	AY176510.1 Human herpesvirus 5 isolate 66J UL148 gene, complete cds
AY176501.1	98.843	951	351	1301	1	951	1696	0.0	AY176501.1 Human herpesvirus 5 isolate 25J UL148 gene, complete cds
AY961094.1	98.843	951	351	1301	1	951	1696	0.0	AY961094.1 Human herpesvirus 5 isolate 51C UL148 gene, complete cds
DQ180380.1	98.843	951	351	1301	1	951	1696	0.0	DQ180380.1 Human herpesvirus 5 isolate D2 UL148 gene, complete cds
AY176505.1	98.738	951	351	1301	1	951	1690	0.0	AY176505.1 Human herpesvirus 5 isolate 33J UL148 gene, complete cds
AY176506.1	98.633	951	351	1301	1	951	1685	0.0	AY176506.1 Human herpesvirus 5 isolate 35J UL148 gene, complete cds
DQ180363.1	98.633	951	351	1301	1	951	1685	0.0	DQ180363.1 Human herpesvirus 5 isolate D3 UL148 gene, complete cds
DQ180354.1	98.633	951	351	1301	1	951	1685	0.0	DQ180354.1 Human herpesvirus 5 isolate D52 UL148 gene, complete cds
AY176511.1	98.528	951	351	1301	1	951	1679	0.0	AY176511.1 Human herpesvirus 5 isolate 70J UL148 gene, complete cds
AY176509.1	98.528	951	351	1301	1	951	1679	0.0	AY176509.1 Human herpesvirus 5 isolate 63J UL148 gene, complete cds
AY176507.1	98.528	951	351	1301	1	951	1679	0.0	AY176507.1 Human herpesvirus 5 isolate 39J UL148 gene, complete cds
AY176503.1	98.528	951	351	1301	1	951	1679	0.0	AY176503.1 Human herpesvirus 5 isolate 2J UL148 gene, complete cds
AY176498.1	98.528	951	351	1301	1	951	1679	0.0	AY176498.1 Human herpesvirus 5 isolate 18M UL148 gene, complete cds
AY176504.1	98.423	951	351	1301	1	951	1674	0.0	AY176504.1 Human herpesvirus 5 isolate 32C UL148 gene, complete cds
AY176497.1	98.423	951	351	1301	1	951	1674	0.0	AY176497.1 Human herpesvirus 5 isolate 16M UL148 gene, complete cds
AY961093.1	98.423	951	351	1301	1	951	1674	0.0	AY961093.1 Human herpesvirus 5 isolate 29C UL148 gene, complete cds
AY961092.1	98.423	951	351	1301	1	951	1674	0.0	AY961092.1 Human herpesvirus 5 isolate 27C UL148 gene, complete cds
AY961091.1	98.423	951	351	1301	1	951	1674	0.0	AY961091.1 Human herpesvirus 5 isolate 20M UL148 gene, complete cds
AY176508.1	98.318	951	351	1301	1	951	1668	0.0	AY176508.1 Human herpesvirus 5 isolate 45J UL148 gene, complete cds
KP973642.1	98.093	944	1302	2245	179090	178149	1642	0.0	KP973642.1 Human herpesvirus 5 strain Merlin isolate RCMV2035, complete genome
LQ984540.1	99.630	810	1378	2187	1	810	1480	0.0	LQ984540.1 Sequence 43 from Patent WO2013054199
U33332.1	96.440	899	1	899	893	1	1478	0.0	U33332.1 Human cytomegalovirus Towne strain UL/b' region
DQ402105.1	98.401	813	1378	2190	1	813	1430	0.0	DQ402105.1 Human herpesvirus 5 strain 16M UL132 gene, complete cds
DQ402118.1	97.909	813	1378	2190	1	813	1408	0.0	DQ402118.1 Human herpesvirus 5 strain U88 UL132 gene, complete cds
DQ402102.1	97.909	813	1378	2190	1	813	1408	0.0	DQ402102.1 Human herpesvirus 5 strain 10J UL132 gene, complete cds
DQ402128.1	97.786	813	1378	2190	1	813	1402	0.0	DQ402128.1 Human herpesvirus 5 strain U226 UL132 gene, complete cds
DQ402120.1	97.786	813	1378	2190	1	813	1402	0.0	DQ402120.1 Human herpesvirus 5 strain 9J UL132 gene, complete cds
DQ402117.1	97.786	813	1378	2190	1	813	1402	0.0	DQ402117.1 Human herpesvirus 5 strain 63J UL132 gene, complete cds
DQ402103.1	97.786	813	1378	2190	1	813	1402	0.0	DQ402103.1 Human herpesvirus 5 strain 11J UL132 gene, complete cds
DQ402110.1	97.663	813	1378	2190	1	813	1397	0.0	DQ402110.1 Human herpesvirus 5 strain 25J UL132 gene, complete cds
DQ402114.1	97.540	813	1378	2190	1	813	1391	0.0	DQ402114.1 Human herpesvirus 5 strain 33J UL132 gene, complete cds
DQ402124.1	97.417	813	1378	2190	1	810	1382	0.0	DQ402124.1 Human herpesvirus 5 strain U115 UL132 gene, complete cds
DQ402115.1	96.310	813	1378	2190	1	813	1336	0.0	DQ402115.1 Human herpesvirus 5 strain 39J UL132 gene, complete cds
DQ402113.1	96.310	813	1378	2190	1	813	1336	0.0	DQ402113.1 Human herpesvirus 5 strain 2J UL132 gene, complete cds
DQ402112.1	96.310	813	1378	2190	1	813	1336	0.0	DQ402112.1 Human herpesvirus 5 strain 29C UL132 gene, complete cds
DQ402111.1	96.310	813	1378	2190	1	813	1336	0.0	DQ402111.1 Human herpesvirus 5 strain 27C UL132 gene, complete cds
DQ402107.1	96.187	813	1378	2190	1	813	1330	0.0	DQ402107.1 Human herpesvirus 5 strain 18M UL132 gene, complete cds
DQ402127.1	96.064	813	1378	2190	1	813	1325	0.0	DQ402127.1 Human herpesvirus 5 strain U140 UL132 gene, complete cds
DQ402126.1	96.064	813	1378	2190	1	813	1325	0.0	DQ402126.1 Human herpesvirus 5 strain U119 UL132 gene, complete cds
DQ402125.1	95.941	813	1378	2190	1	813	1319	0.0	DQ402125.1 Human herpesvirus 5 strain U116 UL132 gene, complete cds
DQ402119.1	95.941	813	1378	2190	1	813	1319	0.0	DQ402119.1 Human herpesvirus 5 strain 8J UL132 gene, complete cds
DQ402129.1	95.695	813	1378	2190	1	813	1308	0.0	DQ402129.1 Human herpesvirus 5 strain U25 UL132 gene, complete cds
DQ402116.1	95.572	813	1378	2190	1	813	1303	0.0	DQ402116.1 Human herpesvirus 5 strain 51C UL132 gene, complete cds
DQ402131.1	95.471	817	1378	2190	1	816	1299	0.0	DQ402131.1 Human herpesvirus 5 strain U96 UL132 gene, complete cds
DQ402122.1	95.471	817	1378	2190	1	816	1299	0.0	DQ402122.1 Human herpesvirus 5 strain U111 UL132 gene, complete cds
DQ402123.1	95.449	813	1378	2190	1	813	1297	0.0	DQ402123.1 Human herpesvirus 5 strain U112 UL132 gene, complete cds
DQ402121.1	95.449	813	1378	2190	1	813	1297	0.0	DQ402121.1 Human herpesvirus 5 strain T11 UL132 gene, complete cds
DQ402108.1	95.449	813	1378	2190	1	813	1297	0.0	DQ402108.1 Human herpesvirus 5 strain 1M UL132 gene, complete cds
DQ402106.1	95.449	813	1378	2190	1	813	1297	0.0	DQ402106.1 Human herpesvirus 5 strain 17M UL132 gene, complete cds
DQ402130.1	95.326	813	1378	2190	1	813	1291	0.0	DQ402130.1 Human herpesvirus 5 strain U71 UL132 gene, complete cds
DQ402104.1	95.326	813	1378	2190	1	813	1291	0.0	DQ402104.1 Human herpesvirus 5 strain 12M UL132 gene, complete cds
DQ402109.1	95.221	816	1378	2190	1	816	1288	0.0	DQ402109.1 Human herpesvirus 5 strain 20M UL132 gene, complete cds
GU585489.1	96.952	689	1557	2245	665	1352	1155	0.0	GU585489.1 Human herpesvirus 5 isolate Han027 UL146 protein (UL146) and UL132B protein (UL132B) mRNAs, complete cds
GU585483.1	97.054	577	1669	2245	1	576	970	0.0	GU585483.1 Human herpesvirus 5 isolate Han81 UL132 protein (UL132) mRNA, partial cds
DQ115734.1	99.645	282	1	282	847	1128	516	1.49e-144	DQ115734.1 Human herpesvirus 5 isolate C954 UL146, UL147, and UL147A genes, complete cds
DQ115728.1	99.645	282	1	282	847	1128	516	1.49e-144	DQ115728.1 Human herpesvirus 5 isolate BI-5 UL146, UL147, and UL147A genes, complete cds
DQ115727.1	98.221	281	2	282	830	1110	492	2.52e-137	DQ115727.1 Human herpesvirus 5 isolate NW23-2 UL146, UL147, and UL147A genes, complete cds
DQ115751.1	97.163	282	1	282	859	1140	477	7.05e-133	DQ115751.1 Human herpesvirus 5 isolate E428 UL146, UL147, and UL147A genes, complete cds
DQ115748.1	97.163	282	1	282	988	1269	477	7.05e-133	DQ115748.1 Human herpesvirus 5 isolate CH22 UL146, UL147, and UL147A genes, complete cds
